KEYS;VALUES
Someone has deliberately opened this letter already;1
Someone has deliberately opened this letter already;1
Someone has deliberately opened this letter already;1
Someone has deliberately opened this letter already;1
Someone has deliberately opened this letter already;1
Someone has deliberately opened this letter already;1
Someone has deliberately opened this letter already;1
I don’t think anything of it;3
I wonder if this may have been opened again after it was written;2
I wonder if this may have been opened again after it was written;2
I wonder if this may have been opened again after it was written;2
I don’t think anything of it;3
I wonder if this may have been opened again after it was written;2
Someone has deliberately opened this letter already;1
I don’t think anything of it;3
Someone has deliberately opened this letter already;1
Someone has deliberately opened this letter already;1
I wonder if this may have been opened again after it was written;2
Someone has deliberately opened this letter already;1
I don’t think anything of it;3
I don’t think anything of it;3
Someone has deliberately opened this letter already;1
I don’t think anything of it;3
Someone has deliberately opened this letter already;1
Someone has deliberately opened this letter already;1
I don’t think anything of it;3
Someone has deliberately opened this letter already;1
Someone has deliberately opened this letter already;1
I don’t think anything of it;3
I wonder if this may have been opened again after it was written;2
I don’t think anything of it;3
Someone has deliberately opened this letter already;1
Someone has deliberately opened this letter already;1
I wonder if this may have been opened again after it was written;2
Someone has deliberately opened this letter already;1
I don’t think anything of it;3
Someone has deliberately opened this letter already;1
Someone has deliberately opened this letter already;1
I don’t think anything of it;3
Someone has deliberately opened this letter already;1
Someone has deliberately opened this letter already;1
I wonder if this may have been opened again after it was written;2
I don’t think anything of it;3
Someone has deliberately opened this letter already;1
Someone has deliberately opened this letter already;1
I don’t think anything of it;3
Someone has deliberately opened this letter already;1
Someone has deliberately opened this letter already;1
